ID,Date,PRCP,SNOW,TMAX,TMIN,TAVG,AWND,BikeRides,Holiday,Month,Weekday
0,01/01/2015,0.0,0.0,8.3,-2.7,1.7,3.7,2611,1,1,3
1,02/01/2015,0.0,0.0,9.4,1.7,5.3,1.3,5155,0,1,4
2,03/01/2015,12.7,0.0,5.6,1.1,4.0,1.5,1718,0,1,5
3,04/01/2015,5.1,0.0,19.4,5.6,,5.6,3711,0,1,6
4,05/01/2015,0.0,0.0,11.1,-1.6,7.8,6.4,5262,0,1,0
5,06/01/2015,5.1,61.0,0.0,-4.3,-1.9,2.2,2086,0,1,1
6,07/01/2015,0.0,0.0,-1.0,-9.3,-3.0,6.8,3063,0,1,2
7,08/01/2015,0.0,0.0,-3.2,-11.0,-8.2,5.1,2976,0,1,3
8,09/01/2015,0.0,0.0,5.6,-3.2,-0.6,5.5,4237,0,1,4
9,10/01/2015,0.0,0.0,-1.0,-7.1,-3.2,3.5,2694,0,1,5
10,11/01/2015,0.0,0.0,6.1,-6.0,-1.7,2.2,3486,0,1,6
11,12/01/2015,19.1,0.0,6.1,1.7,2.9,1.8,2168,0,1,0
12,13/01/2015,0.0,0.0,5.6,-1.6,3.1,5.4,5520,0,1,1
13,14/01/2015,0.0,5.0,0.6,-3.2,-1.2,3.6,4598,0,1,2
14,15/01/2015,0.0,0.0,5.6,0.0,1.5,2.6,5812,0,1,3
15,16/01/2015,0.0,0.0,8.9,-2.7,2.7,4.3,5729,0,1,4
16,17/01/2015,0.0,0.0,4.4,-2.1,1.5,4.0,4265,0,1,5
17,18/01/2015,15.2,0.0,7.2,1.1,3.2,2.2,2548,0,1,6
18,19/01/2015,0.0,0.0,10.0,0.6,6.6,2.8,4687,1,1,0
19,20/01/2015,0.0,0.0,10.0,-0.5,3.7,0.9,6316,0,1,1
20,21/01/2015,2.0,10.0,3.9,1.1,2.7,2.0,5402,0,1,2
21,22/01/2015,0.0,0.0,9.4,2.2,4.3,3.7,6424,0,1,3
22,23/01/2015,16.5,0.0,6.1,-0.5,3.4,2.3,4774,0,1,4
23,24/01/2015,12.2,0.0,7.2,2.8,3.8,4.3,3504,0,1,5
24,25/01/2015,0.0,0.0,11.1,2.2,6.4,2.7,5210,0,1,6
25,26/01/2015,5.3,13.0,7.8,-1.6,4.6,5.9,2448,0,1,0
26,27/01/2015,0.3,3.0,2.8,-1.0,0.2,6.6,4102,0,1,1
27,28/01/2015,0.0,0.0,3.9,-4.3,-0.6,6.0,5131,0,1,2
28,29/01/2015,1.3,0.0,4.4,-3.2,0.1,2.6,4679,0,1,3
29,30/01/2015,0.0,0.0,6.1,-4.9,4.0,6.9,4905,0,1,4
30,31/01/2015,0.0,0.0,2.2,-6.6,-2.9,4.3,3371,0,1,5
31,01/02/2015,1.0,0.0,6.7,-2.7,0.8,1.8,3621,0,2,6
32,02/02/2015,2.3,0.0,10.0,-2.7,4.6,5.5,3911,0,2,0
33,03/02/2015,0.0,0.0,3.9,-3.8,-1.4,4.2,5162,0,2,1
34,04/02/2015,0.0,0.0,12.8,-1.6,2.9,3.9,6138,0,2,2
35,05/02/2015,0.0,0.0,6.7,-6.0,3.7,7.5,5076,0,2,3
36,06/02/2015,0.0,0.0,3.3,-8.2,-3.6,3.2,5006,0,2,4
37,07/02/2015,0.0,0.0,10.0,-3.2,2.3,1.7,5036,0,2,5
38,08/02/2015,0.0,0.0,20.0,1.7,6.9,2.1,6829,0,2,6
39,09/02/2015,1.8,0.0,7.2,1.1,5.3,4.7,5017,0,2,0
40,10/02/2015,0.5,0.0,4.4,0.6,2.0,6.8,5768,0,2,1
41,11/02/2015,0.0,0.0,8.3,-1.6,2.4,3.4,6708,0,2,2
42,12/02/2015,0.0,0.0,6.7,-6.6,2.9,5.9,5509,0,2,3
43,13/02/2015,0.0,0.0,-1.0,-9.3,-5.1,5.8,4078,0,2,4
44,14/02/2015,0.0,3.0,7.2,-7.7,-0.7,6.0,3004,0,2,5
45,15/02/2015,0.0,0.0,-5.5,-11.6,-7.3,9.8,1055,0,2,6
46,16/02/2015,7.4,74.0,-6.6,-12.1,-9.8,3.4,1335,1,2,0
47,17/02/2015,5.8,46.0,-0.5,-8.2,-6.3,2.6,1198,0,2,1
48,18/02/2015,0.0,3.0,1.1,-10.5,-4.2,3.5,3183,0,2,2
49,19/02/2015,0.0,3.0,-6.0,-11.6,-7.0,7.3,2720,0,2,3
50,20/02/2015,0.0,0.0,-5.5,-14.9,-10.6,3.9,2517,0,2,4
51,21/02/2015,17.8,66.0,1.7,-9.9,-6.8,4.4,758,0,2,5
52,22/02/2015,2.5,0.0,10.0,1.7,3.7,1.5,2021,0,2,6
53,23/02/2015,0.0,0.0,5.0,-7.1,2.1,6.6,3655,0,2,0
54,24/02/2015,0.0,0.0,-1.0,-9.9,-5.8,3.8,3921,0,2,1
55,25/02/2015,0.0,0.0,5.6,-6.0,-1.4,1.9,5016,0,2,2
56,26/02/2015,3.6,56.0,3.9,-0.5,1.9,3.1,3531,0,2,3
57,27/02/2015,0.0,0.0,1.7,-3.8,0.7,4.6,4699,0,2,4
58,28/02/2015,0.0,0.0,0.6,-6.6,-3.2,2.3,3294,0,2,5
59,01/03/2015,13.0,3.0,1.1,-4.3,-1.9,2.5,802,0,3,6
60,02/03/2015,0.0,0.0,7.8,0.6,3.2,4.2,4118,0,3,0
61,03/03/2015,1.0,0.0,5.0,-0.5,1.0,4.1,3884,0,3,1
62,04/03/2015,8.6,0.0,10.6,3.9,5.7,2.6,4187,0,3,2
63,05/03/2015,22.1,122.0,7.2,-4.9,3.5,5.7,560,0,3,3
64,06/03/2015,0.0,0.0,-1.0,-9.3,-4.9,3.3,1987,0,3,4
65,07/03/2015,0.0,0.0,9.4,-7.1,-1.2,3.5,3271,0,3,5
66,08/03/2015,0.0,0.0,15.0,0.0,7.9,2.6,5529,0,3,6
67,09/03/2015,0.0,0.0,16.7,2.8,8.4,1.3,8175,0,3,0
68,10/03/2015,11.2,0.0,10.0,3.9,7.7,1.6,4015,0,3,1
69,11/03/2015,0.0,0.0,19.4,7.8,11.8,2.8,7909,0,3,2
70,12/03/2015,0.0,0.0,15.6,6.1,11.3,4.0,9215,0,3,3
71,13/03/2015,0.3,0.0,12.8,2.8,8.1,2.2,8084,0,3,4
72,14/03/2015,15.2,0.0,15.6,7.2,9.7,3.6,3669,0,3,5
73,15/03/2015,0.0,0.0,14.4,6.7,11.7,5.7,6668,0,3,6
74,16/03/2015,0.0,0.0,20.6,3.3,9.8,1.6,9022,0,3,0
75,17/03/2015,0.0,0.0,22.8,4.4,14.0,6.5,9246,0,3,1
76,18/03/2015,0.0,0.0,11.7,2.2,6.6,4.7,7527,0,3,2
77,19/03/2015,0.0,0.0,11.7,3.9,7.8,1.9,8202,0,3,3
78,20/03/2015,12.4,0.0,7.8,2.2,4.7,3.8,2956,0,3,4
79,21/03/2015,0.0,0.0,16.1,1.7,6.7,2.7,9436,0,3,5
80,22/03/2015,0.0,0.0,13.3,7.2,10.8,5.1,8233,0,3,6
81,23/03/2015,0.0,0.0,10.6,,6.8,3.6,8134,0,3,0
82,24/03/2015,0.0,0.0,8.3,2.8,6.0,2.6,7875,0,3,1
83,25/03/2015,0.0,0.0,12.2,1.7,5.8,2.1,7553,0,3,2
84,26/03/2015,8.9,0.0,25.0,9.4,13.9,4.7,8778,0,3,3
85,27/03/2015,9.1,0.0,11.1,5.0,10.7,5.2,6141,0,3,4
86,28/03/2015,0.0,0.0,5.6,-0.5,3.7,7.1,4676,0,3,5
87,29/03/2015,0.0,0.0,9.4,-2.1,2.1,4.4,5861,0,3,6
88,30/03/2015,0.5,0.0,18.9,5.6,10.4,5.0,9196,0,3,0
89,31/03/2015,0.3,0.0,22.8,6.1,14.0,6.3,8198,0,3,1
90,01/04/2015,0.0,0.0,16.1,4.4,10.1,3.8,9874,0,4,2
91,02/04/2015,0.0,0.0,23.3,5.6,13.4,7.0,11273,0,4,3
92,03/04/2015,4.8,0.0,22.8,16.1,19.2,5.5,6425,0,4,4
93,04/04/2015,1.3,0.0,20.0,7.2,16.3,6.2,10433,0,4,5
94,05/04/2015,0.0,0.0,20.6,4.4,12.6,4.9,10181,0,4,6
95,06/04/2015,0.0,0.0,25.0,8.9,16.3,4.8,12638,0,4,0
96,07/04/2015,4.3,0.0,22.8,11.7,18.9,3.6,11109,0,4,1
97,08/04/2015,3.3,0.0,11.7,7.2,11.8,5.0,7437,0,4,2
98,09/04/2015,1.0,0.0,10.0,7.2,8.3,3.7,7826,0,4,3
99,10/04/2015,0.3,0.0,20.0,7.2,10.3,3.1,9393,0,4,4
100,11/04/2015,0.0,0.0,20.0,10.6,17.1,4.9,16726,0,4,5
101,12/04/2015,0.0,0.0,21.1,6.1,14.6,2.2,15724,0,4,6
102,13/04/2015,0.0,0.0,26.7,11.1,17.6,5.4,12676,0,4,0
103,14/04/2015,16.3,0.0,19.4,12.2,17.4,3.4,3824,0,4,1
104,15/04/2015,0.0,0.0,20.0,11.1,15.2,3.1,11119,0,4,2
105,16/04/2015,1.0,0.0,23.3,11.1,16.9,2.8,11687,1,4,3
106,17/04/2015,0.8,0.0,26.1,15.0,19.2,2.6,12546,0,4,4
107,18/04/2015,0.0,0.0,128.9,16.1,21.9,1.7,16004,0,4,5
108,19/04/2015,9.4,0.0,20.6,12.8,19.0,6.0,10250,0,4,6
109,20/04/2015,19.6,0.0,27.8,13.9,19.5,5.2,9066,0,4,0
110,21/04/2015,4.1,0.0,21.7,12.2,18.3,5.1,11630,0,4,1
111,22/04/2015,0.0,0.0,23.3,10.6,15.8,5.3,10540,0,4,2
112,23/04/2015,0.0,0.0,15.6,7.2,12.0,5.5,10106,0,4,3
113,24/04/2015,0.0,0.0,17.2,3.9,10.3,5.7,10370,0,4,4
114,25/04/2015,6.9,0.0,11.7,7.2,10.6,2.8,7177,0,4,5
115,26/04/2015,0.0,0.0,19.4,7.2,11.6,2.1,10327,0,4,6
116,27/04/2015,0.0,0.0,16.7,8.3,13.3,5.5,8864,0,4,0
117,28/04/2015,0.0,0.0,22.2,8.9,14.6,5.2,10995,0,4,1
118,29/04/2015,0.0,0.0,25.6,11.1,18.6,1.8,11652,0,4,2
119,30/04/2015,13.7,0.0,23.3,13.3,18.3,2.9,10255,0,4,3
120,01/05/2015,2.8,0.0,17.8,12.2,15.1,3.2,10351,0,5,4
121,02/05/2015,0.0,0.0,25.6,10.6,16.7,2.2,12570,0,5,5
122,03/05/2015,0.0,0.0,28.9,13.3,20.3,2.1,12098,0,5,6
123,04/05/2015,0.0,0.0,28.9,13.3,21.4,4.3,11987,0,5,0
124,05/05/2015,1.3,0.0,30.0,17.8,22.9,3.1,11093,0,5,1
125,06/05/2015,0.0,0.0,28.3,17.8,22.3,2.4,11483,0,5,2
126,07/05/2015,0.0,0.0,27.2,16.7,21.9,2.5,12316,0,5,3
127,08/05/2015,0.0,0.0,28.9,17.8,22.9,2.1,13427,0,5,4
128,09/05/2015,0.0,0.0,28.3,18.3,22.6,2.9,112841,0,5,5
129,10/05/2015,0.0,0.0,29.4,20.6,24.6,3.0,11089,0,5,6
130,11/05/2015,0.0,0.0,28.3,21.7,24.4,2.2,12133,0,5,0
131,12/05/2015,0.0,0.0,32.2,21.7,26.0,4.7,12056,0,5,1
132,13/05/2015,0.0,0.0,22.2,13.3,20.7,7.0,11774,0,5,2
133,14/05/2015,0.0,0.0,22.8,11.7,16.6,3.2,12615,0,5,3
134,15/05/2015,0.0,0.0,25.6,14.4,19.1,4.5,13641,0,5,4
135,16/05/2015,16.8,0.0,31.1,19.4,23.4,3.5,11196,0,5,5
136,17/05/2015,0.0,0.0,30.6,21.1,24.3,2.0,10933,0,5,6
137,18/05/2015,19.3,0.0,33.3,22.2,27.2,2.2,10442,0,5,0
138,19/05/2015,0.0,0.0,32.2,22.2,26.6,2.7,12063,0,5,1
139,20/05/2015,0.0,0.0,23.9,16.7,22.2,6.6,12981,0,5,2
140,21/05/2015,8.4,0.0,17.2,11.7,15.3,3.2,6981,0,5,3
141,22/05/2015,0.0,0.0,26.1,11.1,17.2,4.7,12522,0,5,4
142,23/05/2015,0.0,0.0,23.9,12.2,19.1,3.5,12706,0,5,5
143,24/05/2015,0.0,0.0,27.8,13.9,20.4,3.6,13564,0,5,6
144,25/05/2015,0.0,0.0,29.4,19.4,24.4,5.2,11990,1,5,0
145,26/05/2015,0.0,0.0,31.1,20.6,25.3,4.9,11351,0,5,1
146,27/05/2015,0.3,0.0,32.2,23.9,26.5,3.9,11470,0,5,2
147,28/05/2015,0.0,0.0,33.3,22.8,26.9,2.8,11625,0,5,3
148,29/05/2015,0.0,0.0,30.6,23.3,25.9,3.4,12058,0,5,4
149,30/05/2015,0.0,0.0,32.2,22.2,26.7,4.9,12657,0,5,5
150,31/05/2015,0.0,0.0,33.3,23.3,27.3,5.3,10917,0,5,6
151,01/06/2015,63.2,0.0,33.3,21.7,27.2,3.7,8101,0,6,0
152,02/06/2015,11.7,0.0,22.2,15.6,20.0,4.8,8054,0,6,1
153,03/06/2015,0.3,0.0,17.8,15.0,16.2,4.7,9879,0,6,2
154,04/06/2015,9.4,0.0,18.3,15.0,16.8,4.3,6356,0,6,3
155,05/06/2015,0.8,0.0,23.9,15.6,18.2,2.2,11075,0,6,4
156,06/06/2015,0.0,0.0,29.4,18.3,22.9,4.0,12665,0,6,5
157,07/06/2015,0.0,0.0,26.1,19.4,23.2,4.1,11661,0,6,6
158,08/06/2015,16.5,0.0,31.1,18.3,23.6,5.7,9959,0,6,0
159,09/06/2015,0.0,0.0,31.7,22.2,25.9,5.2,11764,0,6,1
160,10/06/2015,0.0,0.0,28.9,20.0,25.6,3.2,11586,0,6,2
161,11/06/2015,0.0,0.0,33.9,21.7,26.8,3.5,11844,0,6,3
162,12/06/2015,0.5,0.0,34.4,25.0,29.3,4.3,10867,0,6,4
163,13/06/2015,0.0,0.0,33.3,23.9,28.3,2.7,11754,0,6,5
164,14/06/2015,13.2,0.0,33.9,25.6,29.5,2.2,9490,0,6,6
165,15/06/2015,2.0,0.0,33.9,25.6,28.6,2.7,9975,0,6,0
166,16/06/2015,0.0,0.0,35.6,25.0,29.8,4.1,11492,0,6,1
167,17/06/2015,4.6,0.0,28.9,23.3,26.8,2.2,11173,0,6,2
168,18/06/2015,13.5,0.0,32.8,22.2,25.8,2.8,9990,0,6,3
169,19/06/2015,3.0,0.0,31.7,22.8,26.9,3.1,12019,0,6,4
170,20/06/2015,60.2,0.0,33.3,23.3,27.9,2.9,9305,0,6,5
171,21/06/2015,0.8,0.0,34.4,24.4,28.2,4.1,8775,0,6,6
172,22/06/2015,0.0,0.0,34.4,25.6,30.4,3.4,11258,0,6,0
173,23/06/2015,21.3,0.0,35.6,23.9,30.3,4.7,9184,0,6,1
174,24/06/2015,0.0,0.0,30.0,21.1,25.5,3.8,12581,0,6,2
175,25/06/2015,12.2,0.0,30.6,21.1,26.4,2.6,11119,0,6,3
176,26/06/2015,0.0,0.0,28.3,20.6,24.4,2.6,13027,0,6,4
177,27/06/2015,69.9,0.0,25.6,20.6,23.2,4.7,3301,0,6,5
178,28/06/2015,0.0,0.0,27.8,19.4,23.1,3.8,11601,0,6,6
179,29/06/2015,0.0,0.0,28.9,17.2,23.6,3.4,12191,0,6,0
180,30/06/2015,0.3,0.0,31.7,21.7,25.8,4.0,11970,0,6,1
181,01/07/2015,33.0,0.0,31.1,20.6,25.7,3.1,11223,0,7,2
182,02/07/2015,0.5,0.0,25.0,20.0,23.9,1.9,11257,0,7,3
183,03/07/2015,0.8,0.0,28.3,18.9,23.6,1.7,12791,1,7,4
184,04/07/2015,21.6,0.0,29.4,22.2,24.2,1.4,10288,1,7,5
185,05/07/2015,0.0,0.0,30.6,21.7,25.1,1.7,12199,0,7,6
186,06/07/2015,0.5,0.0,31.7,24.4,27.2,3.2,10902,0,7,0
187,07/07/2015,0.0,0.0,32.8,23.9,27.6,3.7,12223,0,7,1
188,08/07/2015,28.4,0.0,33.3,25.6,28.1,3.6,9495,0,7,2
189,09/07/2015,0.8,0.0,33.3,25.6,28.4,3.3,11045,0,7,3
190,10/07/2015,0.0,0.0,31.1,25.0,28.4,4.3,13013,0,7,4
191,11/07/2015,2.3,0.0,31.1,23.9,27.2,2.2,12420,0,7,5
192,12/07/2015,0.0,0.0,31.1,21.1,26.6,2.0,11711,0,7,6
193,13/07/2015,0.8,0.0,27.8,23.3,25.7,2.0,10224,0,7,0
194,14/07/2015,0.0,0.0,31.7,24.4,27.1,3.2,11591,0,7,1
195,15/07/2015,0.3,0.0,31.1,22.2,27.3,4.8,12088,0,7,2
196,16/07/2015,0.0,0.0,30.6,18.9,24.6,3.0,13257,0,7,3
197,17/07/2015,0.0,0.0,29.4,21.7,25.1,3.7,12627,0,7,4
198,18/07/2015,1.0,0.0,31.1,25.0,27.3,3.5,11096,0,7,5
199,19/07/2015,0.0,0.0,36.7,26.1,30.0,2.6,10148,0,7,6
200,20/07/2015,0.0,0.0,36.1,27.8,31.6,3.1,10856,0,7,0
201,21/07/2015,0.0,0.0,33.3,26.1,30.9,3.0,11811,0,7,1
202,22/07/2015,0.0,0.0,31.7,22.2,27.6,4.2,12934,0,7,2
203,23/07/2015,0.0,0.0,31.1,21.7,26.7,2.9,12992,0,7,3
204,24/07/2015,0.0,0.0,32.2,20.6,26.9,3.0,13339,0,7,4
205,25/07/2015,0.0,0.0,32.2,22.2,27.3,3.3,12902,0,7,5
206,26/07/2015,0.0,0.0,32.8,23.3,27.9,5.1,11314,0,7,6
207,27/07/2015,23.9,0.0,32.2,22.8,27.7,2.6,10919,0,7,0
208,28/07/2015,0.0,0.0,34.4,25.0,28.6,1.9,11976,0,7,1
209,29/07/2015,0.0,0.0,33.3,25.6,28.6,3.8,12170,0,7,2
210,30/07/2015,13.5,0.0,33.3,25.6,28.6,3.6,10808,0,7,3
211,31/07/2015,0.0,0.0,33.3,23.3,28.7,3.5,12396,0,7,4
212,01/08/2015,0.0,0.0,33.3,23.3,28.4,3.1,12043,0,8,5
213,02/08/2015,0.0,0.0,32.8,22.8,27.9,2.9,11447,0,8,6
214,03/08/2015,0.0,0.0,33.9,22.2,27.7,4.3,12085,0,8,0
215,04/08/2015,1.0,0.0,35.6,24.4,29.9,3.3,11626,0,8,1
216,05/08/2015,0.0,0.0,33.9,23.9,28.6,2.8,12501,0,8,2
217,06/08/2015,0.0,0.0,29.4,23.9,27.2,3.4,12617,0,8,3
218,07/08/2015,1.3,0.0,28.3,21.1,24.8,3.8,12181,0,8,4
219,08/08/2015,0.0,0.0,31.1,23.3,26.7,3.7,12970,0,8,5
220,09/08/2015,0.0,0.0,31.7,22.2,26.4,3.3,11651,0,8,6
221,10/08/2015,3.8,0.0,26.1,22.2,24.6,4.7,10494,0,8,0
222,11/08/2015,8.6,0.0,32.2,22.8,25.9,-4.1,11342,0,8,1
223,12/08/2015,0.0,0.0,29.4,21.1,25.9,4.7,12485,0,8,2
224,13/08/2015,,0.0,29.4,20.0,24.8,2.9,12435,0,8,3
225,14/08/2015,0.0,0.0,31.1,17.8,24.4,2.0,12549,0,8,4
226,15/08/2015,0.0,0.0,32.2,20.0,25.3,3.4,12082,0,8,5
227,16/08/2015,0.0,0.0,34.4,20.6,26.1,3.1,10192,0,8,6
228,17/08/2015,0.0,0.0,35.6,22.2,27.7,3.6,10971,0,8,0
229,18/08/2015,0.0,0.0,32.2,23.3,27.4,2.9,11595,0,8,1
230,19/08/2015,0.0,0.0,32.8,25.0,27.6,4.3,11966,0,8,2
231,20/08/2015,4.3,0.0,30.0,23.3,26.9,3.5,10192,0,8,3
232,21/08/2015,0.0,0.0,30.0,21.7,25.3,4.1,12902,0,8,4
233,22/08/2015,0.0,0.0,30.0,18.3,24.4,2.7,12339,0,8,5
234,23/08/2015,0.0,0.0,29.4,17.8,23.9,2.3,10981,0,8,6
235,24/08/2015,10.4,0.0,32.8,21.7,26.1,3.2,10283,0,8,0
236,25/08/2015,0.0,0.0,29.4,20.6,24.9,3.7,12672,0,8,1
237,26/08/2015,0.0,0.0,27.8,19.4,23.3,3.5,12330,0,8,2
238,27/08/2015,0.0,0.0,27.8,17.2,22.6,3.0,12406,0,8,3
239,28/08/2015,0.0,0.0,28.3,18.3,23.4,1.8,12210,0,8,4
240,29/08/2015,0.0,0.0,31.7,19.4,25.1,4.3,11526,0,8,5
241,30/08/2015,0.0,0.0,30.6,20.6,24.8,3.4,10188,0,8,6
242,31/08/2015,0.0,0.0,31.1,23.3,26.8,3.6,11052,0,8,0
243,01/09/2015,0.0,0.0,35.0,21.7,27.6,1.9,11522,0,9,1
244,02/09/2015,0.0,0.0,34.4,23.9,28.4,2.2,11378,0,9,2
245,03/09/2015,0.0,0.0,35.6,23.3,27.9,2.2,11131,0,9,3
246,04/09/2015,0.0,0.0,33.3,23.9,28.0,3.3,11050,0,9,4
247,05/09/2015,0.0,0.0,30.0,22.8,26.2,3.6,10867,0,9,5
248,06/09/2015,0.0,0.0,30.6,20.0,24.9,2.1,12400,0,9,6
249,07/09/2015,0.0,0.0,32.2,20.6,25.9,2.7,10351,1,9,0
250,08/09/2015,0.0,0.0,33.3,22.2,27.6,3.9,10965,0,9,1
251,09/09/2015,0.0,0.0,34.4,23.9,28.3,3.8,11065,0,9,2
252,10/09/2015,2.8,0.0,28.9,21.1,25.7,4.3,10356,0,9,3
253,11/09/2015,0.0,0.0,30.6,18.3,23.6,3.2,12167,0,9,4
254,12/09/2015,4.1,0.0,23.9,19.4,22.4,2.6,6665,0,9,5
255,13/09/2015,0.0,0.0,23.3,15.6,20.5,4.8,10397,0,9,6
256,14/09/2015,0.0,0.0,26.7,12.8,19.3,3.8,11156,0,9,0
257,15/09/2015,0.0,0.0,28.9,15.6,21.7,1.7,11943,0,9,1
258,16/09/2015,0.0,0.0,30.0,15.6,23.1,1.6,11938,0,9,2
259,17/09/2015,0.0,0.0,30.0,17.2,23.3,2.3,11949,0,9,3
260,18/09/2015,0.0,0.0,30.6,18.3,23.6,2.7,11956,0,9,4
261,19/09/2015,0.0,0.0,30.6,19.4,23.9,3.4,11580,0,9,5
262,20/09/2015,0.0,0.0,27.8,20.0,23.4,4.8,10998,0,9,6
263,21/09/2015,5.8,0.0,21.1,17.2,19.8,4.7,7816,0,9,0
264,22/09/2015,0.0,0.0,23.9,16.7,19.1,4.4,11952,0,9,1
265,23/09/2015,0.0,0.0,26.7,15.6,21.0,3.8,12773,0,9,2
266,24/09/2015,0.0,0.0,26.1,15.6,20.7,3.5,12514,0,9,3
267,25/09/2015,0.0,0.0,22.8,17.2,20.3,4.7,11403,0,9,4
268,26/09/2015,0.0,0.0,23.3,17.8,2000.1,5.9,11038,0,9,5
269,27/09/2015,0.0,0.0,23.9,16.7,19.5,4.8,9979,0,9,6
270,28/09/2015,0.0,0.0,28.3,19.4,22.7,2.6,11305,0,9,0
271,29/09/2015,41.9,0.0,26.7,21.7,23.9,3.1,7240,0,9,1
272,30/09/2015,0.0,0.0,25.6,17.2,23.1,5.1,10184,0,9,2
273,01/10/2015,19.8,0.0,17.2,13.9,15.6,6.4,4799,0,10,3
274,02/10/2015,24.4,0.0,14.4,10.0,12.6,8.0,2079,0,10,4
275,03/10/2015,4.8,0.0,14.4,10.0,11.6,7.7,4050,0,10,5
276,04/10/2015,0.0,0.0,15.0,12.2,13.9,6.8,6624,0,10,6
277,05/10/2015,0.0,0.0,20.6,11.1,14.8,3.5,10445,0,10,0
278,06/10/2015,0.0,0.0,25.0,10.0,16.6,1.8,11551,0,10,1
279,07/10/2015,0.0,0.0,25.6,14.4,18.8,1.4,11734,0,10,2
280,08/10/2015,0.0,0.0,25.6,13.9,18.9,1.7,11711,0,10,3
281,09/10/2015,10.2,0.0,26.1,16.7,20.3,3.6,10501,0,10,4
282,10/10/2015,0.0,0.0,18.9,10.6,16.9,3.6,10269,0,10,5
283,11/10/2015,0.0,0.0,21.7,8.3,14.3,1.6,10491,0,10,6
284,12/10/2015,0.0,0.0,23.9,10.0,16.0,2.6,10495,1,10,0
285,13/10/2015,0.0,0.0,25.6,15.0,18.7,3.0,10803,0,10,1
286,14/10/2015,0.0,0.0,21.7,12.8,17.5,3.1,11406,0,10,2
287,15/10/2015,0.0,0.0,20.0,11.7,15.8,3.8,11506,0,10,3
288,16/10/2015,0.0,0.0,19.4,10.6,14.8,4.1,11263,0,10,4
289,17/10/2015,0.0,0.0,15.6,6.7,12.1,4.4,8782,0,10,5
290,18/10/2015,0.0,0.0,12.2,3.3,8.2,4.7,6978,0,10,6
291,19/10/2015,0.0,0.0,13.3,2.8,7.8,3.0,9074,0,10,0
292,20/10/2015,0.0,0.0,20.0,6.7,11.4,2.9,10036,0,10,1
293,21/10/2015,0.0,0.0,22.8,8.9,14.4,2.1,10678,0,10,2
294,22/10/2015,0.0,0.0,24.4,10.0,16.0,2.6,11287,0,10,3
295,23/10/2015,0.0,0.0,21.1,11.1,17.6,3.5,11470,0,10,4
296,24/10/2015,0.0,0.0,16.7,8.3,12.5,3.0,9730,0,10,5
297,25/10/2015,0.8,0.0,21.7,12.2,15.9,4.3,8587,0,10,6
298,26/10/2015,0.0,0.0,16.1,7.8,12.8,3.1,9973,0,10,0
299,27/10/2015,0.0,0.0,15.0,6.7,10.6,3.5,9797,0,10,1
300,28/10/2015,16.5,0.0,21.1,12.8,16.8,5.9,5179,0,10,2
301,29/10/2015,0.8,0.0,22.8,13.3,19.4,2.9,10632,0,10,3
302,30/10/2015,0.0,0.0,16.1,7.8,13.3,5.2,9700,0,10,4
303,31/10/2015,0.0,0.0,16.1,5.6,10.6,2.9,8721,0,10,5
304,01/11/2015,1.0,0.0,17.8,11.7,14.1,3.8,7211,0,11,6
305,02/11/2015,0.0,0.0,18.9,10.6,15.4,0.7,9446,0,11,0
306,03/11/2015,0.0,0.0,22.2,7.8,13.9,0.5,10508,0,11,1
307,04/11/2015,0.5,0.0,23.9,8.9,15.4,1.0,10822,0,11,2
308,05/11/2015,3.8,0.0,22.2,14.4,16.9,1.7,10553,0,11,3
309,06/11/2015,0.0,0.0,26.7,15.6,20.0,4.4,11609,0,11,4
310,07/11/2015,2.8,0.0,21.7,12.2,17.9,3.2,5610,0,11,5
311,08/11/2015,0.0,0.0,14.4,6.7,12.1,3.3,8995,0,11,6
312,09/11/2015,13.5,0.0,11.7,5.0,8.7,2.9,6715,0,11,0
313,10/11/2015,6.1,0.0,16.1,10.6,12.9,5.1,5773,0,11,1
314,11/11/2015,0.0,0.0,,10.6,14.1,4.7,8901,1,11,2
315,12/11/2015,0.3,0.0,18.9,9.4,12.8,3.0,8476,0,11,3
316,13/11/2015,0.0,0.0,16.7,9.4,14.9,5.1,9262,0,11,4
317,14/11/2015,,0.0,12.8,5.0,10.4,5.1,7171,0,11,5
318,15/11/2015,0.0,0.0,17.8,2.2,8.9,3.4,7441,0,11,6
319,16/11/2015,0.0,0.0,21.1,5.6,12.7,1.6,9156,0,11,0
320,17/11/2015,0.0,0.0,16.1,7.8,11.6,3.3,9226,0,11,1
321,18/11/2015,0.0,0.0,18.3,7.8,12.6,4.0,9768,0,11,2
322,19/11/2015,16.0,0.0,18.3,15.0,17.2,3.3,6255,0,11,3
323,20/11/2015,0.0,0.0,15.6,5.6,13.2,5.2,9097,0,11,4
324,21/11/2015,0.0,0.0,12.8,3.3,8.1,2.6,7299,0,11,5
325,22/11/2015,0.0,0.0,9.4,2.8,8.5,6.4,4948,0,11,6
326,23/11/2015,0.0,0.0,5.6,0.0,3.2,4.9,6601,0,11,0
327,24/11/2015,0.0,0.0,13.3,0.6,5.7,2.9,7500,0,11,1
328,25/11/2015,0.0,0.0,14.4,2.8,7.6,2.4,6864,0,11,2
329,26/11/2015,0.0,0.0,17.8,4.4,9.6,1.1,3394,1,11,3
330,27/11/2015,0.0,,18.3,5.6,10.7,2.4,6240,0,11,4
331,28/11/2015,0.0,0.0,17.8,9.4,12.6,2.1,6418,0,11,5
332,29/11/2015,4.3,0.0,15.0,7.2,11.2,4.0,2877,0,11,6
333,30/11/2015,5.1,0.0,7.2,3.9,5.8,4.6,4160,0,11,0
334,01/12/2015,21.6,0.0,8.9,6.7,7.8,2.1,3954,0,12,1
335,02/12/2015,5.6,0.0,15.0,8.9,10.7,2.6,5740,0,12,2
336,03/12/2015,0.0,0.0,11.7,5.6,9.8,6.1,7969,0,12,3
337,04/12/2015,0.0,0.0,11.7,2.2,6.8,2.3,7940,0,12,4
338,05/12/2015,0.0,0.0,12.2,0.6,6.4,1.1,7087,0,12,5
339,06/12/2015,0.0,0.0,11.1,0.6,5.4,1.3,5979,0,12,6
340,07/12/2015,0.0,0.0,15.6,2.2,7.9,2.4,7928,0,12,0
341,08/12/2015,0.0,0.0,13.3,3.3,8.3,1.7,8458,0,12,1
342,09/12/2015,0.0,0.0,9.4,3.9,6.6,2.2,7982,0,12,2
343,10/12/2015,0.0,0.0,17.2,5.0,9.4,1.2,8685,0,12,3
344,11/12/2015,0.0,0.0,18.9,5.6,10.9,1.7,8722,0,12,4
345,12/12/2015,0.0,0.0,20.0,7.2,12.2,1.5,8720,0,12,5
346,13/12/2015,0.0,0.0,21.7,8.9,13.5,2.3,8034,0,12,6
347,14/12/2015,3.3,0.0,20.6,11.7,15.6,5.1,6645,0,12,0
348,15/12/2015,0.0,0.0,19.4,8.3,16.5,5.5,8804,0,12,1
349,16/12/2015,0.0,0.0,13.9,5.0,9.8,2.4,8624,0,12,2
350,17/12/2015,10.7,0.0,12.2,8.3,9.9,1.6,4553,0,12,3
351,18/12/2015,0.0,0.0,11.1,1.7,8.6,6.1,6698,0,12,4
352,19/12/2015,0.0,0.0,7.2,-1.0,3.0,4.4,-4279,0,12,5
353,20/12/2015,0.0,0.0,7.8,0.0,3.7,2.8,4219,0,12,6
354,21/12/2015,0.0,0.0,14.4,3.3,7.7,5.3,6675,0,12,0
355,22/12/2015,3.6,0.0,16.7,10.6,12.8,3.5,4934,0,12,1
356,23/12/2015,42.4,0.0,18.9,12.2,15.2,2.6,2263,0,12,2
357,24/12/2015,5.1,0.0,21.7,15.6,18.8,4.5,2796,0,12,3
358,25/12/2015,7.6,0.0,20.6,13.9,17.9,2.1,1502,1,12,4
359,26/12/2015,0.3,0.0,15.6,10.6,14.3,3.8,2702,0,12,5
360,27/12/2015,0.5,0.0,21.1,10.6,13.9,5.1,4623,0,12,6
361,28/12/2015,5.8,0.0,15.6,5.0,10.6,6.3,4459,0,12,0
362,29/12/2015,12.7,0.0,11.7,6.7,8.2,3.0,5253,0,12,1
363,30/12/2015,3.8,0.0,12.8,9.4,10.6,2.1,5275,0,12,2
364,31/12/2015,0.0,0.0,13.9,6.7,11.2,3.8,5855,0,12,3
365,01/01/2016,0.0,0.0,8.3,2.2,6.7,3.7,3220,1,1,4
366,02/01/2016,0.0,0.0,8.9,0.0,4.2,2.8,4922,0,1,5
367,03/01/2016,0.0,0.0,12.2,0.0,4.9,3.5,4964,0,1,6
368,04/01/2016,0.0,0.0,3.3,-6.0,2.0,7.5,5133,0,1,0
369,05/01/2016,0.0,0.0,1.1,-8.8,-4.3,4.6,4850,0,1,1
370,06/01/2016,0.0,0.0,4.4,-6.6,-1.7,1.7,5712,0,1,2
371,07/01/2016,0.0,0.0,6.1,1.1,3.3,1.2,6592,0,1,3
372,08/01/2016,0.0,0.0,7.2,4.4,5.1,2.0,6153,0,1,4
373,09/01/2016,5.8,0.0,10.0,5.0,6.9,2.1,5314,0,1,5
374,10/01/2016,14.2,0.0,16.7,2.8,12.5,7.6,5663,0,1,6
375,11/01/2016,0.0,,5.0,-2.1,2.3,4.4,6294,0,1,0
376,12/01/2016,0.0,0.0,8.3,-2.1,2.1,6.0,6490,0,1,1
377,13/01/2016,0.0,0.0,0.0,-6.0,-2.0,4.5,5620,0,1,2
378,14/01/2016,0.0,0.0,11.7,-2.1,1.7,3.4,7164,0,1,3
379,15/01/2016,8.1,0.0,10.0,1.1,5.9,2.6,5983,0,1,4
380,16/01/2016,0.3,0.0,11.7,3.3,7.1,4.1,5908,0,1,5
381,17/01/2016,1.3,8.0,3.3,0.0,2.9,2.9,3400,0,1,6
382,18/01/2016,0.0,0.0,1.1,-8.8,-3.1,7.9,2499,1,1,0
383,19/01/2016,0.0,0.0,-2.1,-9.3,-6.9,6.7,3912,0,1,1
384,20/01/2016,0.8,18.0,-0.5,-7.1,-4.5,3.6,4321,0,1,2
385,21/01/2016,0.0,0.0,1.1,-4.3,-2.3,5.4,4228,0,1,3
386,22/01/2016,13.0,165.0,-1.6,-5.5,-3.3,5.2,2985,0,1,4
387,27/01/2016,0.0,0.0,8.9,-0.5,5.7,4.3,528,0,1,2
388,28/01/2016,0.0,0.0,4.4,-3.8,0.4,1.8,2022,0,1,3
389,29/01/2016,0.0,0.0,6.1,-2.1,2.4,5.4,2942,0,1,4
390,30/01/2016,0.0,0.0,5.6,-4.3,0.8,3.4,2822,0,1,5
391,31/01/2016,0.0,0.0,13.9,2.2,6.2,4.2,3611,0,1,6
392,01/02/2016,3.0,0.0,16.1,6.1,10.0,4.0,4604,0,2,0
393,02/02/2016,0.0,0.0,11.7,2.2,6.7,2.8,6584,0,2,1
394,03/02/2016,12.7,0.0,13.9,5.0,7.4,3.1,4243,0,2,2
395,04/02/2016,0.5,0.0,14.4,5.6,11.2,5.9,6691,0,2,3
396,05/02/2016,1.0,0.0,6.7,0.6,4.8,6.7,5822,0,2,4
397,06/02/2016,0.0,0.0,6.7,-2.1,2.2,2.7,5042,0,2,5
398,07/02/2016,0.0,0.0,7.8,-1.0,3.1,3.3,4664,0,2,6
399,08/02/2016,0.3,0.0,7.8,1.1,4.8,3.8,5994,0,2,0
400,09/02/2016,5.6,0.0,4.4,0.0,3.3,3.4,4053,0,2,1
401,10/02/2016,0.0,0.0,3.9,-3.2,0.9,5.8,5493,0,2,2
402,11/02/2016,0.0,0.0,-1.0,-6.0,-3.3,6.3,4246,0,2,3
403,12/02/2016,0.0,0.0,-0.5,-7.1,-4.3,2.9,4363,0,2,4
404,13/02/2016,0.0,3.0,-2.1,-9.3,-4.3,8.2,1535,0,2,5
405,14/02/2016,0.3,5.0,-3.2,-10.5,-7.8,3.8,1851,0,2,6
406,15/02/2016,11.9,71.0,-0.5,-6.6,-4.6,2.6,501,1,2,0
407,16/02/2016,17.5,0.0,11.7,-1.0,4.5,4.5,3238,0,2,1
408,17/02/2016,0.0,0.0,9.4,-0.5,4.8,3.5,6097,0,2,2
409,18/02/2016,0.0,0.0,4.4,-1.0,2.6,5.1,5822,0,2,3
410,19/02/2016,0.0,0.0,5.6,-3.2,0.5,3.7,5633,0,2,4
411,20/02/2016,0.0,0.0,18.3,4.4,8.2,5.0,8245,0,2,5
412,21/02/2016,2.3,0.0,13.9,7.2,10.4,3.1,4254,0,2,6
413,22/02/2016,0.0,0.0,11.7,5.0,8.8,3.1,7148,0,2,0
414,23/02/2016,13.2,0.0,7.2,4.4,6.3,4.7,2585,0,2,1
415,24/02/2016,27.9,0.0,18.3,5.6,8.8,4.7,3279,0,2,2
416,25/02/2016,0.0,0.0,15.6,4.4,10.9,7.7,6330,0,2,3
417,26/02/2016,0.0,0.0,4.4,-0.5,3.8,7.2,5345,0,2,4
418,27/02/2016,0.0,0.0,8.3,-2.7,2.2,3.2,5432,0,2,5
419,28/02/2016,0.0,,18.3,0.6,7.3,5.0,8732,0,2,6
420,29/02/2016,0.0,0.0,18.3,-1096.7,14.1,5.1,7828,0,2,0
421,01/03/2016,0.0,0.0,18.3,4.4,11.2,4.0,8588,0,3,1
422,02/03/2016,2.5,0.0,15.6,-0.5,9.1,8.4,5918,0,3,2
423,03/03/2016,0.5,0.0,5.0,-1.6,1.4,3.1,5902,0,3,3
424,04/03/2016,1.3,8.0,5.6,0.0,2.2,5.5,5345,0,3,4
425,05/03/2016,0.0,0.0,7.2,1.7,4.0,3.3,5334,0,3,5
426,06/03/2016,0.0,0.0,11.1,2.8,5.4,1.9,5899,0,3,6
427,07/03/2016,0.0,0.0,18.9,2.2,8.3,4.8,9003,0,3,0
428,08/03/2016,0.0,0.0,26.1,7.8,14.9,2.2,10558,0,3,1
429,09/03/2016,0.0,0.0,26.1,8.3,16.3,3.1,11214,0,3,2
430,10/03/2016,0.0,0.0,26.1,13.9,18.7,5.1,10954,0,3,3
431,11/03/2016,0.0,0.0,22.8,13.9,20.2,4.1,11220,0,3,4
432,12/03/2016,0.0,0.0,15.6,10.0,13.6,2.1,10427,0,3,5
433,13/03/2016,6.6,0.0,15.6,9.4,12.9,3.6,5194,0,3,6
434,14/03/2016,4.8,0.0,11.7,8.3,10.3,4.8,7671,0,3,0
435,15/03/2016,0.8,0.0,18.3,8.3,10.9,2.4,8558,0,3,1
436,16/03/2016,0.3,0.0,23.3,9.4,15.4,2.0,13356,0,3,2
437,17/03/2016,0.0,0.0,20.6,9.4,14.8,3.9,10673,0,3,3
438,18/03/2016,0.0,0.0,19.4,8.9,14.6,4.7,11429,0,3,4
439,19/03/2016,3.3,0.0,13.9,3.3,9.0,5.0,3227,0,3,5
440,20/03/2016,0.0,0.0,6.7,2.8,4.4,4.3,4532,0,3,6
441,21/03/2016,0.0,0.0,11.7,2.8,6.1,5.0,7580,0,3,0
442,22/03/2016,0.0,0.0,16.7,1.7,8.3,4.6,9763,0,3,1
443,23/03/2016,0.0,0.0,23.9,11.7,15.9,5.3,12340,0,3,2
444,24/03/2016,0.0,0.0,25.0,10.0,17.3,5.2,13363,0,3,3
445,25/03/2016,0.8,0.0,22.2,9.4,19.1,6.8,12212,0,3,4
446,26/03/2016,0.0,0.0,16.7,5.0,10.4,3.3,14116,0,3,5
447,27/03/2016,0.5,0.0,13.9,8.9,11.8,3.2,8564,0,3,6
448,28/03/2016,8.1,0.0,21.1,9.4,12.7,5.8,8430,0,3,0
449,29/03/2016,0.0,0.0,15.6,7.8,12.3,6.8,10221,0,3,1
450,30/03/2016,0.0,0.0,17.2,5.0,10.9,4.3,10873,0,3,2
451,31/03/2016,0.0,0.0,23.3,12.2,16.4,7.8,11029,0,3,3
452,01/04/2016,1.3,0.0,28.3,17.8,21.6,6.3,10875,0,4,4
453,02/04/2016,2.5,0.0,18.9,7.2,16.1,5.5,9281,0,4,5
454,03/04/2016,0.0,0.0,12.2,2.8,7.8,6.8,6800,0,4,6
455,04/04/2016,1.8,0.0,23.3,3.9,13.8,7.0,207398,0,4,0
456,05/04/2016,0.0,0.0,7.8,-1.0,5.0,6.6,7512,0,4,1
457,06/04/2016,0.0,0.0,13.9,0.0,6.5,5.8,9068,0,4,2
458,07/04/2016,17.8,0.0,18.3,8.9,13.0,5.0,5433,0,4,3
459,08/04/2016,0.0,0.0,12.2,6.1,9.2,5.0,9529,0,4,4
460,09/04/2016,4.3,0.0,10.0,1.1,6.8,6.7,4069,0,4,5
461,10/04/2016,0.0,0.0,11.1,-0.5,4.2,4.3,7421,0,4,6
462,11/04/2016,0.3,0.0,22.8,8.3,12.8,7.4,9456,0,4,0
463,12/04/2016,1.3,0.0,20.0,8.9,17.4,7.1,8583,0,4,1
464,13/04/2016,0.0,0.0,15.0,6.1,10.6,2.8,10131,0,4,2
465,14/04/2016,0.0,0.0,17.8,4.4,11.2,2.2,10523,0,4,3
466,15/04/2016,0.0,0.0,17.8,5.6,12.2,2.0,11395,1,4,4
467,16/04/2016,0.0,0.0,22.2,7.2,14.1,2.8,13505,1,4,5
468,17/04/2016,0.0,0.0,23.3,8.3,14.8,1.6,12367,0,4,6
469,18/04/2016,0.0,0.0,29.4,10.6,19.6,2.1,11882,0,4,0
470,19/04/2016,0.0,0.0,28.9,13.3,21.2,4.7,11927,0,4,1
471,20/04/2016,0.0,0.0,21.7,10.0,16.8,3.6,11650,0,4,2
472,21/04/2016,0.0,0.0,24.4,9.4,15.9,4.7,11447,0,4,3
473,22/04/2016,0.0,0.0,24.4,17.8,20.3,4.8,11093,0,4,4
474,23/04/2016,6.6,0.0,21.7,12.8,18.2,5.6,8487,0,4,5
475,24/04/2016,0.0,0.0,19.4,7.8,14.6,3.7,11948,0,4,6
476,25/04/2016,0.0,0.0,25.6,10.6,16.7,3.5,11694,0,4,0
477,26/04/2016,0.0,0.0,30.0,18.3,23.3,5.1,11718,0,4,1
478,27/04/2016,0.8,0.0,21.7,11.7,16.9,3.5,8360,0,4,2
479,28/04/2016,14.7,0.0,13.3,8.9,12.2,3.7,5195,0,4,3
480,29/04/2016,0.3,0.0,13.3,8.9,10.2,3.3,8258,0,4,4
481,30/04/2016,0.5,0.0,14.4,10.6,12.1,2.7,8511,0,4,5
482,01/05/2016,12.2,0.0,15.0,11.1,12.7,3.1,4376,0,5,6
483,02/05/2016,31.5,0.0,25.0,12.8,16.1,2.5,8139,0,5,0
484,03/05/2016,4.3,0.0,22.8,14.4,18.7,3.3,8132,0,5,1
485,04/05/2016,0.8,0.0,15.6,11.7,14.2,4.1,9625,0,5,2
486,05/05/2016,0.5,0.0,14.4,10.6,11.9,4.9,8726,0,5,3
487,06/05/2016,20.1,0.0,12.8,10.6,12.2,3.9,3102,0,5,4
488,07/05/2016,3.6,0.0,19.4,10.0,13.3,3.0,9225,0,5,5
489,08/05/2016,1.0,0.0,22.2,12.2,16.9,4.5,10803,0,5,6
490,09/05/2016,1.5,0.0,17.8,10.0,14.5,2.5,9164,0,5,0
491,10/05/2016,0.3,0.0,18.3,13.3,15.8,3.1,10242,0,5,1
492,11/05/2016,10.4,0.0,16.1,12.2,13.8,2.2,7669,0,5,2
493,12/05/2016,0.0,0.0,18.9,14.4,15.9,2.1,10805,0,5,3
494,13/05/2016,2.0,0.0,25.6,15.0,19.1,3.5,10106,0,5,4
495,14/05/2016,3.3,0.0,24.4,11.1,17.9,4.5,9389,0,5,5
496,15/05/2016,0.0,,16.7,8.9,12.9,5.8,8507,0,5,6
497,16/05/2016,0.0,0.0,19.4,7.2,12.9,3.8,11357,0,5,0
498,17/05/2016,10.4,0.0,15.0,12.2,13.9,1.9,5374,0,5,1
499,18/05/2016,0.0,0.0,18.9,12.2,14.7,2.9,10583,0,5,2
500,19/05/2016,0.3,0.0,21.1,13.3,16.4,2.5,11720,0,5,3
501,20/05/2016,0.0,0.0,24.4,11.7,18.2,2.4,13860,0,5,4
502,21/05/2016,16.5,0.0,17.2,12.8,15.7,4.7,4432,0,5,5
503,22/05/2016,9.4,0.0,14.4,12.2,13.1,4.3,2851,0,5,6
504,23/05/2016,4.6,0.0,23.9,13.9,16.6,3.1,8048,0,5,0
505,24/05/2016,0.0,0.0,28.3,13.9,20.5,4.0,13235,0,5,1
506,25/05/2016,0.0,0.0,30.0,15.6,23.0,2.2,12786,0,5,2
507,26/05/2016,0.0,0.0,31.1,17.2,23.1,3.5,12188,0,5,3
508,27/05/2016,0.0,0.0,31.1,20.6,25.4,3.8,12139,0,5,4
509,28/05/2016,0.0,0.0,30.6,21.1,25.5,4.3,11560,0,5,5
510,29/05/2016,10.9,0.0,28.3,18.9,23.7,2.7,9069,0,5,6
511,30/05/2016,0.0,0.0,26.7,20.0,22.7,2.6,9930,1,5,0
512,31/05/2016,0.0,0.0,30.6,21.1,24.7,1.7,11578,0,5,1
513,01/06/2016,0.0,0.0,30.6,20.6,25.4,2.6,12355,0,6,2
514,02/06/2016,0.0,0.0,27.8,20.0,23.4,2.2,12366,0,6,3
515,03/06/2016,8.1,0.0,27.2,22.2,23.7,2.7,8517,0,6,4
516,04/06/2016,0.0,0.0,27.8,21.1,23.8,3.4,11991,0,6,5
517,05/06/2016,4.1,0.0,29.4,21.1,24.7,4.7,9378,0,6,6
518,06/06/2016,0.0,0.0,30.6,20.6,24.7,3.8,12468,0,6,0
519,07/06/2016,0.0,0.0,30.6,18.3,25.4,4.3,13271,0,6,1
520,08/06/2016,0.0,0.0,23.3,16.7,20.9,6.3,13586,0,6,2
521,09/06/2016,0.0,0.0,27.8,11.7,20.3,4.3,13423,0,6,3
522,10/06/2016,0.0,0.0,27.8,17.2,22.8,4.4,13730,0,6,4
523,11/06/2016,0.0,0.0,35.6,18.9,25.7,4.4,11993,0,6,5
524,12/06/2016,0.0,0.0,33.9,21.1,29.4,6.4,11023,0,6,6
525,13/06/2016,0.0,0.0,27.2,17.8,22.7,4.9,13161,0,6,0
526,14/06/2016,0.0,0.0,27.2,19.4,24.1,3.9,13949,0,6,1
527,15/06/2016,0.0,0.0,28.3,18.9,22.8,3.0,12954,0,6,2
528,16/06/2016,11.7,0.0,31.7,20.0,25.2,3.8,11056,0,6,3
529,17/06/2016,0.0,0.0,27.8,18.9,22.6,4.6,13290,0,6,4
530,18/06/2016,0.0,0.0,29.4,18.9,24.1,3.0,13550,0,6,5
531,19/06/2016,0.0,0.0,32.2,18.3,24.8,3.2,11830,0,6,6
532,20/06/2016,0.0,0.0,32.8,20.0,26.3,3.4,12912,0,6,0
533,21/06/2016,25.1,0.0,32.8,22.2,26.7,3.5,9513,0,6,1
534,22/06/2016,0.0,0.0,30.0,20.6,24.9,3.6,13902,0,6,2
535,23/06/2016,13.5,0.0,27.8,21.1,24.2,3.0,9435,0,6,3
536,24/06/2016,0.0,0.0,30.0,21.7,25.4,3.5,12405,0,6,4
537,25/06/2016,0.0,0.0,29.4,22.2,24.9,3.5,13600,0,6,5
538,26/06/2016,0.0,0.0,30.0,18.9,24.9,2.3,12356,0,6,6
539,27/06/2016,8.9,0.0,30.6,20.0,24.7,4.5,11922,0,6,0
540,28/06/2016,22.1,0.0,30.6,20.6,25.9,3.0,11064,0,6,1
541,29/06/2016,0.0,0.0,27.8,20.0,23.7,4.7,13778,0,6,2
542,30/06/2016,0.0,0.0,28.9,18.3,23.7,2.8,13318,0,6,3
543,01/07/2016,6.1,0.0,31.1,21.7,25.8,3.2,12405,0,7,4
544,02/07/2016,0.0,0.0,26.7,21.1,24.3,4.3,14072,0,7,5
545,03/07/2016,1.8,0.0,23.3,17.8,21.7,2.1,13036,0,7,6
546,04/07/2016,7.9,0.0,23.3,20.0,21.3,4.1,7600,1,7,0
547,05/07/2016,6.9,0.0,32.8,23.3,26.6,3.6,11970,0,7,1
548,06/07/2016,0.0,0.0,34.4,25.0,29.1,2.2,12448,0,7,2
549,07/07/2016,0.0,0.0,33.9,25.0,29.4,3.7,12218,0,7,3
550,08/07/2016,0.8,0.0,32.8,25.0,28.8,3.2,11581,0,7,4
551,09/07/2016,4.6,0.0,33.9,25.6,28.4,3.8,12198,0,7,5
552,10/07/2016,0.0,0.0,30.0,23.3,26.9,4.0,11981,0,7,6
553,11/07/2016,0.0,0.0,31.1,21.1,26.4,2.6,12710,0,7,0
554,12/07/2016,0.0,0.0,30.6,22.8,26.3,3.6,13168,0,7,1
555,13/07/2016,0.0,0.0,32.2,23.9,27.4,3.0,12520,0,7,2
556,14/07/2016,0.0,0.0,36.7,23.9,29.5,4.5,12086,0,7,3
557,15/07/2016,0.0,0.0,34.4,24.4,29.7,3.5,12613,0,7,4
558,16/07/2016,10.9,0.0,33.9,22.2,28.4,3.0,13837,0,7,5
559,17/07/2016,0.0,0.0,33.9,21.7,26.2,3.1,15526,0,7,6
560,18/07/2016,11.2,0.0,35.0,22.8,28.4,3.8,9729,0,7,0
561,19/07/2016,11.7,0.0,33.3,21.1,27.1,3.3,12325,0,7,1
562,20/07/2016,0.0,0.0,31.7,21.1,25.9,2.6,13300,0,7,2
563,21/07/2016,0.0,0.0,32.2,21.7,26.9,3.1,12862,0,7,3
564,22/07/2016,0.0,0.0,35.0,23.3,28.3,3.6,12105,0,7,4
565,23/07/2016,0.0,0.0,36.7,26.1,31.2,3.8,10261,0,7,5
566,24/07/2016,0.0,0.0,36.1,26.7,31.5,3.1,9615,0,7,6
567,25/07/2016,0.0,0.0,37.8,27.2,31.8,3.8,10275,0,7,0
568,26/07/2016,0.0,0.0,36.7,26.7,31.1,2.9,11150,0,7,1
569,27/07/2016,0.0,0.0,36.1,27.2,30.9,2.9,11564,0,7,2
570,28/07/2016,6.9,0.0,35.0,25.0,29.9,3.1,9364,0,7,3
571,29/07/2016,2.5,0.0,33.3,23.9,27.2,3.4,12148,0,7,4
572,30/07/2016,8.4,0.0,32.2,23.3,28.1,3.7,8930,0,7,5
573,31/07/2016,0.0,0.0,33.3,23.9,26.9,2.3,10838,0,7,6
574,01/08/2016,0.0,0.0,33.9,24.4,28.4,2.9,11948,0,8,0
575,02/08/2016,0.0,0.0,32.8,23.9,27.7,3.4,13369,0,8,1
576,03/08/2016,0.0,0.0,28.3,22.2,25.3,3.1,13587,0,8,2
577,04/08/2016,0.0,0.0,30.0,21.1,25.3,3.0,13555,0,8,3
578,05/08/2016,0.0,0.0,29.4,22.8,25.3,3.7,13186,0,8,4
579,06/08/2016,1.5,0.0,34.4,23.9,27.2,3.6,11340,0,8,5
580,07/08/2016,0.0,0.0,33.3,21.7,27.7,3.2,11962,0,8,6
581,08/08/2016,0.0,0.0,33.3,21.1,26.6,2.9,11926,0,8,0
582,09/08/2016,0.0,0.0,27.2,20.0,23.7,1.9,12424,0,8,1
583,10/08/2016,0.0,0.0,35.0,25.0,28.6,4.9,12258,0,8,2
584,11/08/2016,0.0,0.0,36.1,25.6,30.4,4.8,11466,0,8,3
585,12/08/2016,0.0,0.0,37.2,27.2,31.2,5.0,10853,0,8,4
586,13/08/2016,0.0,0.0,38.3,27.2,31.8,5.1,8717,0,8,5
587,14/08/2016,0.0,0.0,37.8,26.7,32.8,3.9,7708,0,8,6
588,15/08/2016,29.5,0.0,37.8,22.8,29.9,3.1,9240,0,8,0
589,16/08/2016,0.0,0.0,36.1,23.9,27.9,4.3,11316,0,8,1
590,17/08/2016,22.4,0.0,35.0,22.2,30.7,3.4,10988,0,8,2
591,18/08/2016,0.0,0.0,33.3,23.3,27.5,3.4,11821,0,8,3
592,19/08/2016,0.0,0.0,33.3,23.3,28.6,2.3,11915,0,8,4
593,20/08/2016,0.0,0.0,32.8,23.9,28.3,2.8,11534,0,8,5
594,21/08/2016,17.5,0.0,32.8,23.3,26.8,4.4,7252,0,8,6
595,22/08/2016,0.0,0.0,29.4,20.6,25.3,4.1,12349,0,8,0
596,23/08/2016,0.0,0.0,28.9,19.4,24.6,2.6,13042,0,8,1
597,24/08/2016,0.0,0.0,30.0,19.4,24.7,3.9,12753,0,8,2
598,25/08/2016,0.0,0.0,31.7,21.7,25.9,4.4,12524,0,8,3
599,26/08/2016,0.0,0.0,35.0,25.0,29.7,3.3,11296,0,8,4
600,27/08/2016,0.0,0.0,33.3,25.0,29.8,3.2,11197,0,8,5
601,28/08/2016,0.0,0.0,32.2,23.3,27.5,2.3,10528,0,8,6
602,29/08/2016,0.0,0.0,34.4,22.2,27.6,2.5,11429,0,8,0
603,30/08/2016,0.0,0.0,32.8,23.9,28.3,2.8,12214,0,8,1
604,31/08/2016,0.0,0.0,32.8,22.8,27.4,3.2,11609,0,8,2
605,01/09/2016,0.8,0.0,28.3,22.2,25.9,3.6,9990,0,9,3
606,02/09/2016,0.0,0.0,27.2,19.4,23.9,4.7,12709,0,9,4
607,03/09/2016,0.0,0.0,27.8,21.1,23.8,6.7,11019,0,9,5
608,04/09/2016,0.0,0.0,28.3,20.0,23.9,3.6,12784,0,9,6
609,05/09/2016,0.0,0.0,31.1,18.3,24.2,2.5,11211,1,9,0
610,06/09/2016,0.0,0.0,34.4,21.7,27.4,5.2,11749,0,9,1
611,07/09/2016,0.5,0.0,34.4,22.8,28.1,2.7,11027,0,9,2
612,08/09/2016,0.0,0.0,36.7,23.9,28.6,3.7,11468,0,9,3
613,09/09/2016,0.0,0.0,35.6,25.6,30.1,3.2,11409,0,9,4
614,10/09/2016,0.0,0.0,35.0,25.0,29.4,4.7,10372,0,9,5
615,11/09/2016,0.0,0.0,30.0,21.1,27.9,4.9,11573,0,9,6
616,12/09/2016,0.0,0.0,30.0,18.9,24.1,3.5,12307,0,9,0
617,13/09/2016,0.0,0.0,31.7,20.6,25.3,4.6,12802,0,9,1
618,14/09/2016,0.0,0.0,35.0,20.6,27.0,3.0,12520,0,9,2
619,15/09/2016,0.0,0.0,25.0,19.4,24.1,4.2,13265,0,9,3
620,16/09/2016,0.0,0.0,26.1,18.9,21.8,3.0,13205,0,9,4
621,17/09/2016,0.0,0.0,28.3,20.0,23.5,3.7,12895,0,9,5
622,18/09/2016,0.0,0.0,31.7,21.7,25.5,4.1,11338,0,9,6
623,19/09/2016,11.7,0.0,25.6,22.8,24.8,3.0,8459,0,9,0
624,20/09/2016,0.0,0.0,26.7,21.7,23.6,3.8,12625,0,9,1
625,21/09/2016,0.0,0.0,27.8,22.8,24.9,3.5,12486,0,9,2
626,22/09/2016,0.0,0.0,30.6,20.0,25.1,3.1,12725,0,9,3
627,23/09/2016,0.0,0.0,32.2,18.9,24.6,2.2,13336,0,9,4
628,24/09/2016,0.0,0.0,25.0,18.3,23.2,3.8,13092,0,9,5
629,25/09/2016,0.0,0.0,23.9,15.0,19.3,2.8,11943,0,9,6
630,26/09/2016,3.0,0.0,21.7,17.8,19.7,4.4,11451,0,9,0
631,27/09/2016,10.9,0.0,25.0,18.3,20.7,2.4,12351,0,9,1
632,28/09/2016,7.9,0.0,21.7,17.8,19.5,4.4,7723,0,9,2
633,29/09/2016,25.9,0.0,21.1,18.3,20.8,7.0,5886,0,9,3
634,30/09/2016,2.8,0.0,18.9,16.7,18.0,6.6,8526,0,9,4
635,01/10/2016,5.8,0.0,19.4,17.2,18.3,3.8,6629,0,10,5
636,02/10/2016,0.5,0.0,24.4,18.3,19.9,1.6,10444,0,10,6
637,03/10/2016,0.0,0.0,25.6,17.2,21.3,3.0,12301,0,10,0
638,04/10/2016,0.0,0.0,24.4,15.0,18.9,4.3,12794,0,10,1
639,05/10/2016,0.0,0.0,22.2,14.4,17.9,3.7,12590,0,10,2
640,06/10/2016,0.0,0.0,21.1,15.6,18.1,3.0,12362,0,10,3
641,07/10/2016,0.0,0.0,23.3,16.7,19.1,3.3,13195,0,10,4
642,08/10/2016,6.4,0.0,19.4,18.3,19.2,4.2,5125,0,10,5
643,09/10/2016,2.3,0.0,20.6,12.2,17.3,8.9,10026,0,10,6
644,10/10/2016,0.0,0.0,18.9,9.4,14.2,4.8,10415,1,10,0
645,11/10/2016,0.0,0.0,20.0,7.8,13.5,1.7,11529,0,10,1
646,12/10/2016,0.0,0.0,21.1,10.0,15.1,1.7,11797,0,10,2
647,13/10/2016,0.0,0.0,22.8,12.2,16.4,3.8,12239,0,10,3
648,14/10/2016,0.0,0.0,19.4,9.4,14.6,2.2,12471,0,10,4
649,15/10/2016,0.0,0.0,20.6,10.0,14.8,2.2,12319,0,10,5
650,16/10/2016,0.0,0.0,22.8,11.7,16.2,3.1,11253,0,10,6
651,17/10/2016,0.0,0.0,27.8,15.0,20.1,3.0,11905,0,10,0
652,18/10/2016,0.0,0.0,27.8,17.2,21.1,3.8,12986,0,10,1
653,19/10/2016,0.0,0.0,30.6,18.3,23.3,2.2,12922,0,10,2
654,20/10/2016,0.5,0.0,29.4,20.0,23.8,3.7,13019,0,10,3
655,21/10/2016,6.6,0.0,26.1,14.4,21.1,5.8,10585,0,10,4
656,22/10/2016,0.0,0.0,16.1,10.6,14.0,8.5,8904,0,10,5
657,23/10/2016,0.0,0.0,20.6,7.2,13.2,4.6,9605,0,10,6
658,24/10/2016,0.0,0.0,21.7,10.6,16.3,5.1,10800,0,10,0
659,25/10/2016,0.0,0.0,17.8,8.3,13.1,5.0,11181,0,10,1
660,26/10/2016,0.0,0.0,14.4,5.0,10.4,2.1,10697,0,10,2
661,27/10/2016,0.8,0.0,17.2,10.0,12.9,3.3,9280,0,10,3
662,28/10/2016,0.0,0.0,17.2,8.3,14.4,5.6,10627,0,10,4
663,29/10/2016,0.0,0.0,23.9,6.7,13.9,3.8,11615,0,10,5
664,30/10/2016,0.0,0.0,26.7,14.4,18.8,4.1,10902,0,10,6
665,31/10/2016,0.0,0.0,16.7,8.9,15.1,3.8,10726,0,10,0
666,01/11/2016,0.0,0.0,16.1,8.9,12.1,2.6,11369,0,11,1
667,02/11/2016,0.0,0.0,22.8,11.7,15.8,2.4,12123,0,11,2
668,03/11/2016,0.0,0.0,28.3,14.4,19.3,4.1,11958,0,11,3
669,04/11/2016,0.0,0.0,18.3,9.4,16.6,5.1,11980,0,11,4
670,05/11/2016,0.0,0.0,20.6,6.7,13.1,2.6,11303,0,11,5
671,06/11/2016,0.0,0.0,21.1,10.0,14.9,4.2,9840,0,11,6
672,07/11/2016,0.0,0.0,16.1,6.7,11.7,2.6,10155,0,11,0
673,08/11/2016,0.0,0.0,20.0,5.0,10.9,2.3,12026,0,11,1
674,09/11/2016,4.8,0.0,18.9,10.6,14.2,4.6,7399,0,11,2
675,10/11/2016,0.0,0.0,17.2,6.7,11.8,5.0,10251,0,11,3
676,11/11/2016,0.0,0.0,19.4,7.8,13.2,5.9,9848,1,11,4
677,12/11/2016,,0.0,11.7,2.8,8.7,3.6,8327,0,11,5
678,13/11/2016,0.0,0.0,17.8,0.6,7.6,2.4,8155,0,11,6
679,14/11/2016,0.0,0.0,13.3,2.2,8.4,1.7,9210,0,11,0
680,15/11/2016,0.0,0.0,18.9,9.4,12.6,3.0,10395,0,11,1
681,16/11/2016,0.5,0.0,19.4,5.0,11.5,3.0,10046,0,11,2
682,17/11/2016,0.0,0.0,17.2,6.7,12.1,2.9,10495,0,11,3
683,18/11/2016,0.0,0.0,21.1,5.0,12.1,1.7,11253,0,11,4
684,19/11/2016,1.3,0.0,22.2,5.6,12.3,4.5,8247,0,11,5
685,20/11/2016,0.0,0.0,8.3,2.8,5.8,8.9,3826,0,11,6
686,21/11/2016,0.0,0.0,8.3,2.2,4.2,5.7,6826,0,11,0
687,22/11/2016,0.0,0.0,10.6,1.1,4.8,4.5,7626,0,11,1
688,23/11/2016,0.0,0.0,10.6,0.0,5.8,1.4,6903,0,11,2
689,24/11/2016,0.0,0.0,13.9,6.1,9.4,1.0,3328,1,11,3
690,25/11/2016,0.0,0.0,14.4,6.7,9.8,1.6,5831,0,11,4
691,26/11/2016,0.0,0.0,11.1,5.6,9.2,5.6,4991,0,11,5
692,27/11/2016,0.0,0.0,12.2,3.9,7.5,2.6,4867,0,11,6
693,28/11/2016,0.0,0.0,12.2,1.7,6.4,2.9,8027,0,11,0
694,29/11/2016,3.0,0.0,17.2,8.9,11.9,2.2,6331,0,11,1
695,30/11/2016,9.7,0.0,20.6,11.1,15.5,2.7,6170,0,11,2
696,01/12/2016,3.6,0.0,17.2,8.3,13.8,5.2,9131,0,12,3
697,02/12/2016,0.0,0.0,12.8,6.7,9.0,5.7,8411,0,12,4
698,03/12/2016,0.0,0.0,10.6,5.6,7.8,6.0,6209,0,12,5
699,04/12/2016,1.3,0.0,8.3,3.3,5.9,3.3,5264,0,12,6
700,05/12/2016,4.6,0.0,13.9,4.4,7.8,3.8,8210,0,12,0
701,06/12/2016,26.2,0.0,7.8,5.6,7.0,4.4,3893,0,12,1
702,07/12/2016,0.0,0.0,11.1,2.8,7.9,3.3,8655,0,12,2
703,08/12/2016,0.0,0.0,8.9,1.1,6.2,3.9,7993,0,12,3
704,09/12/2016,0.0,0.0,5.0,-1.0,1.9,6.0,6419,0,12,4
705,10/12/2016,0.0,0.0,3.9,-3.2,0.7,4.4,4202,0,12,5
706,11/12/2016,0.0,0.0,6.1,-1.6,0.7,3.2,3815,0,12,6
707,12/12/2016,4.1,0.0,13.3,5.0,7.1,4.5,7037,0,12,0
708,13/12/2016,0.0,0.0,8.3,4.4,6.6,2.4,7743,0,12,1
709,14/12/2016,0.0,0.0,9.4,2.8,5.7,3.4,7610,0,12,2
710,15/12/2016,0.0,0.0,4.4,-7.7,0.2,7.6,4556,0,12,3
711,16/12/2016,0.0,0.0,-1.0,-8.2,-5.9,3.4,4517,0,12,4
712,17/12/2016,6.6,0.0,10.0,-2.1,-0.1,3.7,2319,0,12,5
713,18/12/2016,0.3,0.0,19.4,2.2,10.2,7.5,3313,0,12,6
714,19/12/2016,0.0,0.0,3.9,-0.5,1.8,4.3,6328,0,12,0
715,20/12/2016,0.0,0.0,2.8,-3.2,-0.3,2.3,6106,0,12,1
716,21/12/2016,0.0,0.0,8.9,-2.7,2.7,2.2,6587,0,12,2
717,22/12/2016,0.0,0.0,15.6,1.7,6.7,4.6,6187,0,12,3
718,23/12/2016,0.0,0.0,8.9,-0.5,4.3,2.6,4209,0,12,4
719,24/12/2016,13.7,0.0,8.9,2.2,5.9,-2.7,1372,0,12,5
720,25/12/2016,0.0,0.0,10.6,1.7,5.9,1.7,2155,1,12,6
721,26/12/2016,0.0,0.0,9.4,2.8,5.4,2.7,2361,1,12,0
722,27/12/2016,0.0,0.0,20.0,9.4,13.1,5.3,5803,0,12,1
723,28/12/2016,0.0,0.0,11.1,2.8,9.2,3.5,6396,0,12,2
724,29/12/2016,6.1,0.0,11.1,1.7,5.7,3.6,4254,0,12,3
725,30/12/2016,0.0,0.0,6.7,0.0,4.3,5.1,4447,0,12,4
726,31/12/2016,0.0,0.0,9.4,-2.1,2.9,5.8,3217,0,12,5
